{"resultsPerPage":20,"startIndex":0,"totalResults":171142,"result":{"CVE_data_type":"CVE","CVE_data_format":"MITRE","CVE_data_version":"4.0","CVE_data_timestamp":"2022-03-07T11:32Z","CVE_Items":[{"cve":{"data_type":"CVE","data_format":"MITRE","data_version":"4.0","CVE_data_meta":{"ID":"CVE-2021-24216","ASSIGNER":"contact@wpscan.com"},"problemtype":{"problemtype_data":[{"description":[{"lang":"en","value":"CWE-434"}]}]},"references":{"reference_data":[{"url":"https://wpscan.com/vulnerability/87c6052c-2628-4987-a9a3-a03b5ca1e083","name":"https://wpscan.com/vulnerability/87c6052c-2628-4987-a9a3-a03b5ca1e083","refsource":"MISC","tags":[]},{"url":"https://plugins.trac.wordpress.org/changeset/2516181#file8","name":"https://plugins.trac.wordpress.org/changeset/2516181#file8","refsource":"CONFIRM","tags":[]}]},"description":{"description_data":[{"lang":"en","value":"The All-in-One WP Migration WordPress plugin before 7.41 does not validate uploaded files' extension, which allows administrators to upload PHP files on their site, even on multisite installations."}]}},"configurations":{"CVE_data_version":"4.0","nodes":[]},"impact":{},"publishedDate":"2022-03-07T09:15Z","lastModifiedDate":"2022-03-07T09:50Z"},{"cve":{"data_type":"CVE","data_format":"MITRE","data_version":"4.0","CVE_data_meta":{"ID":"CVE-2021-24777","ASSIGNER":"contact@wpscan.com"},"problemtype":{"problemtype_data":[{"description":[]}]},"references":{"reference_data":[{"url":"https://wpscan.com/vulnerability/2dfde2ef-1b33-4dc9-aa3e-02d319effb3a","name":"https://wpscan.com/vulnerability/2dfde2ef-1b33-4dc9-aa3e-02d319effb3a","refsource":"MISC","tags":[]}]},"description":{"description_data":[{"lang":"en","value":"The view submission functionality in the Hotscot Contact Form WordPress plugin before 1.3 makes a get request with the sub_id parameter which not sanitised, escaped or validated before inserting to a SQL statement, leading to an SQL injection."}]}},"configurations":{"CVE_data_version":"4.0","nodes":[]},"impact":{},"publishedDate":"2022-03-07T09:15Z","lastModifiedDate":"2022-03-07T09:50Z"},{"cve":{"data_type":"CVE","data_format":"MITRE","data_version":"4.0","CVE_data_meta":{"ID":"CVE-2021-24778","ASSIGNER":"contact@wpscan.com"},"problemtype":{"problemtype_data":[{"description":[{"lang":"en","value":"CWE-89"}]}]},"references":{"reference_data":[{"url":"https://wpscan.com/vulnerability/e37f9aa6-e409-4155-b8e4-566c5bce58d6","name":"https://wpscan.com/vulnerability/e37f9aa6-e409-4155-b8e4-566c5bce58d6","refsource":"MISC","tags":[]}]},"description":{"description_data":[{"lang":"en","value":"The test parameter of the xmlfeed in the Tradetracker-Store WordPress plugin before 4.6.60 is not sanitised, escaped or validated before inserting to a SQL statement, leading to SQL injection."}]}},"configurations":{"CVE_data_version":"4.0","nodes":[]},"impact":{},"publishedDate":"2022-03-07T09:15Z","lastModifiedDate":"2022-03-07T09:50Z"},{"cve":{"data_type":"CVE","data_format":"MITRE","data_version":"4.0","CVE_data_meta":{"ID":"CVE-2021-24810","ASSIGNER":"contact@wpscan.com"},"problemtype":{"problemtype_data":[{"description":[{"lang":"en","value":"CWE-79"}]}]},"references":{"reference_data":[{"url":"https://wpscan.com/vulnerability/94670822-0251-4e77-8d7f-b47aa7232e52","name":"https://wpscan.com/vulnerability/94670822-0251-4e77-8d7f-b47aa7232e52","refsource":"MISC","tags":[]}]},"description":{"description_data":[{"lang":"en","value":"The WP Event Manager WordPress plugin before 3.1.23 does not escape some of its Field Editor settings when outputting them, allowing high privilege users to perform Cross-Site Scripting attacks even when the unfiltered_html capability is disallowed"}]}},"configurations":{"CVE_data_version":"4.0","nodes":[]},"impact":{},"publishedDate":"2022-03-07T09:15Z","lastModifiedDate":"2022-03-07T09:50Z"},{"cve":{"data_type":"CVE","data_format":"MITRE","data_version":"4.0","CVE_data_meta":{"ID":"CVE-2021-24821","ASSIGNER":"contact@wpscan.com"},"problemtype":{"problemtype_data":[{"description":[{"lang":"en","value":"CWE-79"}]}]},"references":{"reference_data":[{"url":"https://wpscan.com/vulnerability/f0915b66-0b99-4aeb-9fba-759cafaeb0cb","name":"https://wpscan.com/vulnerability/f0915b66-0b99-4aeb-9fba-759cafaeb0cb","refsource":"MISC","tags":[]}]},"description":{"description_data":[{"lang":"en","value":"The Cost Calculator WordPress plugin before 1.6 allows users with a role as low as Contributor to perform Stored Cross-Site Scripting attacks via the Description fields of a Cost Calculator > Price Settings (which gets injected on the edit page as well as any page that embeds the calculator using the shortcode), as well as the Text Preview field of a Project (injected on the edit project page)"}]}},"configurations":{"CVE_data_version":"4.0","nodes":[]},"impact":{},"publishedDate":"2022-03-07T09:15Z","lastModifiedDate":"2022-03-07T09:50Z"},{"cve":{"data_type":"CVE","data_format":"MITRE","data_version":"4.0","CVE_data_meta":{"ID":"CVE-2021-24824","ASSIGNER":"contact@wpscan.com"},"problemtype":{"problemtype_data":[{"description":[{"lang":"en","value":"CWE-284"}]}]},"references":{"reference_data":[{"url":"https://wpscan.com/vulnerability/7b4d4675-6089-4435-9b56-31496adc4767","name":"https://wpscan.com/vulnerability/7b4d4675-6089-4435-9b56-31496adc4767","refsource":"MISC","tags":[]}]},"description":{"description_data":[{"lang":"en","value":"The [field] shortcode included with the Custom Content Shortcode WordPress plugin before 4.0.1, allows authenticated users with a role as low as contributor, to access arbitrary post metadata. This could lead to sensitive data disclosure, for example when used in combination with WooCommerce, the email address of orders can be retrieved"}]}},"configurations":{"CVE_data_version":"4.0","nodes":[]},"impact":{},"publishedDate":"2022-03-07T09:15Z","lastModifiedDate":"2022-03-07T09:50Z"},{"cve":{"data_type":"CVE","data_format":"MITRE","data_version":"4.0","CVE_data_meta":{"ID":"CVE-2021-24825","ASSIGNER":"contact@wpscan.com"},"problemtype":{"problemtype_data":[{"description":[{"lang":"en","value":"CWE-284"}]}]},"references":{"reference_data":[{"url":"https://wpscan.com/vulnerability/be9d6f82-c972-459a-bacf-65b3dfb11a09","name":"https://wpscan.com/vulnerability/be9d6f82-c972-459a-bacf-65b3dfb11a09","refsource":"MISC","tags":[]}]},"description":{"description_data":[{"lang":"en","value":"The Custom Content Shortcode WordPress plugin before 4.0.2 does not validate the data passed to its load shortcode, which could allow Contributor+ (v < 4.0.1) or Admin+ (v < 4.0.2) users to display arbitrary files from the filesystem (such as logs, .htaccess etc), as well as perform Local File Inclusion attacks as PHP files will be executed. Please note that such attack is still possible by admin+ in single site blogs by default (but won't be when either the unfiltered_html or file_edit is disallowed)"}]}},"configurations":{"CVE_data_version":"4.0","nodes":[]},"impact":{},"publishedDate":"2022-03-07T09:15Z","lastModifiedDate":"2022-03-07T09:50Z"},{"cve":{"data_type":"CVE","data_format":"MITRE","data_version":"4.0","CVE_data_meta":{"ID":"CVE-2021-24826","ASSIGNER":"contact@wpscan.com"},"problemtype":{"problemtype_data":[{"description":[{"lang":"en","value":"CWE-79"}]}]},"references":{"reference_data":[{"url":"https://wpscan.com/vulnerability/e247d78a-7243-486c-a017-7471a8dcb800","name":"https://wpscan.com/vulnerability/e247d78a-7243-486c-a017-7471a8dcb800","refsource":"MISC","tags":[]}]},"description":{"description_data":[{"lang":"en","value":"The Custom Content Shortcode WordPress plugin before 4.0.2 does not escape custom fields before outputting them, which could allow Contributor+ (v < 4.0.1) or Admin+ (v < 4.0.2) users to perform Cross-Site Scripting attacks even when the unfiltered_html is disallowed. Please note that such attack is still possible by admin+ in single site blogs by default (but won't be when the unfiltered_html is disallowed)"}]}},"configurations":{"CVE_data_version":"4.0","nodes":[]},"impact":{},"publishedDate":"2022-03-07T09:15Z","lastModifiedDate":"2022-03-07T09:50Z"},{"cve":{"data_type":"CVE","data_format":"MITRE","data_version":"4.0","CVE_data_meta":{"ID":"CVE-2021-24952","ASSIGNER":"contact@wpscan.com"},"problemtype":{"problemtype_data":[{"description":[{"lang":"en","value":"CWE-89"}]}]},"references":{"reference_data":[{"url":"https://wpscan.com/vulnerability/cbb8fa9f-1c84-4410-ae86-64cb1771ce78","name":"https://wpscan.com/vulnerability/cbb8fa9f-1c84-4410-ae86-64cb1771ce78","refsource":"MISC","tags":[]}]},"description":{"description_data":[{"lang":"en","value":"The Conversios.io WordPress plugin before 4.6.2 does not sanitise, validate and escape the sync_progressive_data parameter for the tvcajax_product_sync_bantch_wise AJAX action before using it in a SQL statement, allowing any authenticated user to perform SQL injection attacks."}]}},"configurations":{"CVE_data_version":"4.0","nodes":[]},"impact":{},"publishedDate":"2022-03-07T09:15Z","lastModifiedDate":"2022-03-07T09:50Z"},{"cve":{"data_type":"CVE","data_format":"MITRE","data_version":"4.0","CVE_data_meta":{"ID":"CVE-2021-24953","ASSIGNER":"contact@wpscan.com"},"problemtype":{"problemtype_data":[{"description":[]}]},"references":{"reference_data":[{"url":"https://wpscan.com/vulnerability/0529261d-65e1-4c64-b8ed-ecb7356d9067","name":"https://wpscan.com/vulnerability/0529261d-65e1-4c64-b8ed-ecb7356d9067","refsource":"MISC","tags":[]}]},"description":{"description_data":[{"lang":"en","value":"The Advanced iFrame WordPress plugin before 2022 does not sanitise and escape the ai_config_id parameter before outputting it back in an admin page, leading to a Reflected Cross-Site Scripting issue"}]}},"configurations":{"CVE_data_version":"4.0","nodes":[]},"impact":{},"publishedDate":"2022-03-07T09:15Z","lastModifiedDate":"2022-03-07T09:50Z"},{"cve":{"data_type":"CVE","data_format":"MITRE","data_version":"4.0","CVE_data_meta":{"ID":"CVE-2021-24960","ASSIGNER":"contact@wpscan.com"},"problemtype":{"problemtype_data":[{"description":[{"lang":"en","value":"CWE-434"}]}]},"references":{"reference_data":[{"url":"https://wpscan.com/vulnerability/18902832-2973-498d-808e-c75d1aedc11e","name":"https://wpscan.com/vulnerability/18902832-2973-498d-808e-c75d1aedc11e","refsource":"MISC","tags":[]},{"url":"https://plugins.trac.wordpress.org/changeset/2677722","name":"https://plugins.trac.wordpress.org/changeset/2677722","refsource":"CONFIRM","tags":[]}]},"description":{"description_data":[{"lang":"en","value":"The WordPress File Upload WordPress plugin before 4.16.3, wordpress-file-upload-pro WordPress plugin before 4.16.3 allows users with a role as low as Contributor to configure the upload form in a way that allows uploading of SVG files, which could be then be used for Cross-Site Scripting attacks"}]}},"configurations":{"CVE_data_version":"4.0","nodes":[]},"impact":{},"publishedDate":"2022-03-07T09:15Z","lastModifiedDate":"2022-03-07T09:50Z"},{"cve":{"data_type":"CVE","data_format":"MITRE","data_version":"4.0","CVE_data_meta":{"ID":"CVE-2021-24961","ASSIGNER":"contact@wpscan.com"},"problemtype":{"problemtype_data":[{"description":[{"lang":"en","value":"CWE-79"}]}]},"references":{"reference_data":[{"url":"https://wpscan.com/vulnerability/c911bbbd-0196-4e3d-ada3-4efb8a339954","name":"https://wpscan.com/vulnerability/c911bbbd-0196-4e3d-ada3-4efb8a339954","refsource":"MISC","tags":[]},{"url":"https://plugins.trac.wordpress.org/changeset/2677722","name":"https://plugins.trac.wordpress.org/changeset/2677722","refsource":"CONFIRM","tags":[]}]},"description":{"description_data":[{"lang":"en","value":"The WordPress File Upload WordPress plugin before 4.16.3, wordpress-file-upload-pro WordPress plugin before 4.16.3 does not escape some of its shortcode argument, which could allow users with a role as low as Contributor to perform Cross-Site Scripting attacks"}]}},"configurations":{"CVE_data_version":"4.0","nodes":[]},"impact":{},"publishedDate":"2022-03-07T09:15Z","lastModifiedDate":"2022-03-07T09:50Z"},{"cve":{"data_type":"CVE","data_format":"MITRE","data_version":"4.0","CVE_data_meta":{"ID":"CVE-2021-25009","ASSIGNER":"contact@wpscan.com"},"problemtype":{"problemtype_data":[{"description":[{"lang":"en","value":"CWE-200"}]}]},"references":{"reference_data":[{"url":"https://wpscan.com/vulnerability/ce2e3503-9a06-4f5c-ae0f-f40e7dfb2903","name":"https://wpscan.com/vulnerability/ce2e3503-9a06-4f5c-ae0f-f40e7dfb2903","refsource":"MISC","tags":[]}]},"description":{"description_data":[{"lang":"en","value":"The CorreosExpress WordPress plugin through 2.6.0 generates log files which are publicly accessible, and contain sensitive information such as sender/receiver names, phone numbers, physical and email addresses"}]}},"configurations":{"CVE_data_version":"4.0","nodes":[]},"impact":{},"publishedDate":"2022-03-07T09:15Z","lastModifiedDate":"2022-03-07T09:50Z"},{"cve":{"data_type":"CVE","data_format":"MITRE","data_version":"4.0","CVE_data_meta":{"ID":"CVE-2021-25038","ASSIGNER":"contact@wpscan.com"},"problemtype":{"problemtype_data":[{"description":[{"lang":"en","value":"CWE-79"}]}]},"references":{"reference_data":[{"url":"https://wpscan.com/vulnerability/72ccdcb9-3d24-41d7-b9fa-c8bd73d30aa6","name":"https://wpscan.com/vulnerability/72ccdcb9-3d24-41d7-b9fa-c8bd73d30aa6","refsource":"MISC","tags":[]}]},"description":{"description_data":[{"lang":"en","value":"The WordPress Multisite User Sync/Unsync WordPress plugin before 2.1.2 does not sanitise and escape the wmus_source_blog and wmus_record_per_page parameters before outputting them back in attributes, leading to Reflected Cross-Site Scripting issues"}]}},"configurations":{"CVE_data_version":"4.0","nodes":[]},"impact":{},"publishedDate":"2022-03-07T09:15Z","lastModifiedDate":"2022-03-07T09:50Z"},{"cve":{"data_type":"CVE","data_format":"MITRE","data_version":"4.0","CVE_data_meta":{"ID":"CVE-2021-25039","ASSIGNER":"contact@wpscan.com"},"problemtype":{"problemtype_data":[{"description":[{"lang":"en","value":"CWE-79"}]}]},"references":{"reference_data":[{"url":"https://wpscan.com/vulnerability/c92eb2bf-0a5d-40b9-b0be-1820e7b9bebb","name":"https://wpscan.com/vulnerability/c92eb2bf-0a5d-40b9-b0be-1820e7b9bebb","refsource":"MISC","tags":[]}]},"description":{"description_data":[{"lang":"en","value":"The WordPress Multisite Content Copier/Updater WordPress plugin before 2.1.0 does not sanitise and escape the wmcc_content_type, wmcc_source_blog and wmcc_record_per_page parameters before outputting them back in attributes, leading to Reflected Cross-Site Scripting issues"}]}},"configurations":{"CVE_data_version":"4.0","nodes":[]},"impact":{},"publishedDate":"2022-03-07T09:15Z","lastModifiedDate":"2022-03-07T09:50Z"},{"cve":{"data_type":"CVE","data_format":"MITRE","data_version":"4.0","CVE_data_meta":{"ID":"CVE-2021-25087","ASSIGNER":"contact@wpscan.com"},"problemtype":{"problemtype_data":[{"description":[{"lang":"en","value":"CWE-284"}]}]},"references":{"reference_data":[{"url":"https://wpscan.com/vulnerability/d7ceafae-65ec-4e05-9ed1-59470771bf07","name":"https://wpscan.com/vulnerability/d7ceafae-65ec-4e05-9ed1-59470771bf07","refsource":"MISC","tags":[]}]},"description":{"description_data":[{"lang":"en","value":"The Download Manager WordPress plugin before 3.2.35 does not have any authorisation checks in some of the REST API endpoints, allowing unauthenticated attackers to call them, which could lead to sensitive information disclosure, such as posts passwords (fixed in 3.2.24) and files Master Keys (fixed in 3.2.25)."}]}},"configurations":{"CVE_data_version":"4.0","nodes":[]},"impact":{},"publishedDate":"2022-03-07T09:15Z","lastModifiedDate":"2022-03-07T09:50Z"},{"cve":{"data_type":"CVE","data_format":"MITRE","data_version":"4.0","CVE_data_meta":{"ID":"CVE-2021-25098","ASSIGNER":"contact@wpscan.com"},"problemtype":{"problemtype_data":[{"description":[{"lang":"en","value":"CWE-352"}]}]},"references":{"reference_data":[{"url":"https://wpscan.com/vulnerability/960a634d-a88a-4d90-9ac3-7d24b1fe07fe","name":"https://wpscan.com/vulnerability/960a634d-a88a-4d90-9ac3-7d24b1fe07fe","refsource":"MISC","tags":[]}]},"description":{"description_data":[{"lang":"en","value":"The Pricing Tables WordPress Plugin WordPress plugin before 3.1.3 does not verify the CSRF nonce when removing posts, allowing attackers to make a logged in admin remove arbitrary posts from the blog via a CSRF attack, which will be put in the trash"}]}},"configurations":{"CVE_data_version":"4.0","nodes":[]},"impact":{},"publishedDate":"2022-03-07T09:15Z","lastModifiedDate":"2022-03-07T09:50Z"},{"cve":{"data_type":"CVE","data_format":"MITRE","data_version":"4.0","CVE_data_meta":{"ID":"CVE-2022-0163","ASSIGNER":"contact@wpscan.com"},"problemtype":{"problemtype_data":[{"description":[{"lang":"en","value":"CWE-862"}]}]},"references":{"reference_data":[{"url":"https://wpscan.com/vulnerability/2b6b0731-4515-498a-82bd-d416f5885268","name":"https://wpscan.com/vulnerability/2b6b0731-4515-498a-82bd-d416f5885268","refsource":"MISC","tags":[]}]},"description":{"description_data":[{"lang":"en","value":"The Smart Forms WordPress plugin before 2.6.71 does not have authorisation in its rednao_smart_forms_entries_list AJAX action, allowing any authenticated users, such as subscriber, to download arbitrary form's data, which could include sensitive information such as PII depending on the form."}]}},"configurations":{"CVE_data_version":"4.0","nodes":[]},"impact":{},"publishedDate":"2022-03-07T09:15Z","lastModifiedDate":"2022-03-07T09:50Z"},{"cve":{"data_type":"CVE","data_format":"MITRE","data_version":"4.0","CVE_data_meta":{"ID":"CVE-2022-0205","ASSIGNER":"contact@wpscan.com"},"problemtype":{"problemtype_data":[{"description":[{"lang":"en","value":"CWE-79"}]}]},"references":{"reference_data":[{"url":"https://wpscan.com/vulnerability/446de364-720e-41ec-b80e-7678c8f4ad80","name":"https://wpscan.com/vulnerability/446de364-720e-41ec-b80e-7678c8f4ad80","refsource":"MISC","tags":[]}]},"description":{"description_data":[{"lang":"en","value":"The YOP Poll WordPress plugin before 6.3.5 does not sanitise and escape some of the settings (available to users with a role as low as author) before outputting them, leading to a Stored Cross-Site Scripting issue"}]}},"configurations":{"CVE_data_version":"4.0","nodes":[]},"impact":{},"publishedDate":"2022-03-07T09:15Z","lastModifiedDate":"2022-03-07T09:50Z"},{"cve":{"data_type":"CVE","data_format":"MITRE","data_version":"4.0","CVE_data_meta":{"ID":"CVE-2022-0267","ASSIGNER":"contact@wpscan.com"},"problemtype":{"problemtype_data":[{"description":[{"lang":"en","value":"CWE-89"}]}]},"references":{"reference_data":[{"url":"https://wpscan.com/vulnerability/7df70f49-547f-4bdb-bf9b-2e06f93488c6","name":"https://wpscan.com/vulnerability/7df70f49-547f-4bdb-bf9b-2e06f93488c6","refsource":"MISC","tags":[]}]},"description":{"description_data":[{"lang":"en","value":"The AdRotate WordPress plugin before 5.8.22 does not sanitise and escape the adrotate_action before using it in a SQL statement via the adrotate_request_action function available to admins, leading to a SQL injection"}]}},"configurations":{"CVE_data_version":"4.0","nodes":[]},"impact":{},"publishedDate":"2022-03-07T09:15Z","lastModifiedDate":"2022-03-07T09:50Z"}]}}